nom,taux_horaire,budget_minimum_projet,cout_moyen_projet,note,nombre_avis,ville,pays
"Goji Labs","$100 - $149 / hr","$25,000+","$50,000 - $199,999 avg. project cost","5","87","Los Angeles","United States"
"Mercury Development","$50 - $99 / hr","$25,000+","No content available","5","34","Aventura","United States"
"Kingsmen Digital Ventures","$150 - $199 / hr","$10,000+","No content available","5","14","Irvine","United States"
"Utility","$100 - $149 / hr","$50,000+","$50,000 - $199,999 avg. project cost","4.8","26","New York City","United States"
"AppMakers USA","$100 - $149 / hr","$10,000+","$10,000 - $49,000 avg. project cost","5","101","Los Angeles","United States"
"ChopDawg.com","$50 - $99 / hr","$1,000+","$50,000 - $199,999 avg. project cost","4.8","112","Philadelphia","United States"
"Empat","$25 - $49 / hr","$10,000+","$50,000 - $199,999 avg. project cost","5","148","San Francisco","United States"
"Konstant Infosolutions","$25 - $49 / hr","$5,000+","No content available","4.9","173","Jaipur","India"
"Tapptitude","$25 - $49 / hr","$5,000+","$10,000 - $49,000","4.9","71","Cluj-Napoca","Romania"
"WOLFPACK DIGITAL","$50 - $99 / hr","$10,000+","$50,000 - $199,999","5","76","Cluj-Napoca","Romania"
"3 SIDED CUBE","$100 - $149 / hr","$50,000+","Less than $10,000","4.9","49","Bournemouth","England"
"TELUS Digital","$100 - $149 / hr","$50,000+","$50,000 - $199,999","4.9","36","Charlottesville","USA"
"Dedicated Developers","$50 - $99 / hr","$25,000+","$200,000 - $999,999","5","56","Atlanta","USA"
"Somnio Software","$50 - $99 / hr","$10,000+","$50,000 - $199,999","5","46","Montevideo","Uruguay"
"Droids On Roids","$50 - $99 / hr","$75,000+","$50,000 - $199,999","4.9","78","Wrocław","Poland"
"TRIARE, LLC","$25 - $49 / hr","$10,000+","Unknown avg. project cost","4.9","39","Cherkasy","Ukraine"
"Infowind Technologies IT Pvt Ltd","< $25 / hr","$5,000+","$10,000 - $49,000","4.9","72","Indore","India"
"Blue Whale Apps","$150 - $199 / hr","$50,000+","$50,000 - $199,999","4.8","24","Herndon","VA"
"Analogue IT Solutions","$25 - $49 / hr","$25,000+","Less than $10,000","5","3","Hyderabad","India"
"Findigo","$25 - $49 / hr","$10,000+","$50,000 - $199,999","5","11","No content available","No content available"
"Calibrate Software","$50 - $99 / hr","$25,000+","$200,000 - $999,999","4.9","39","Chicago","IL"
"Darly Solutions","$50 - $99 / hr","$1,000+","$10,000 - $49,000 avg. project cost","5","33","McKinney","TX"
"SolveIt","$25 - $49 / hr","$10,000+","No content available","5","51","Warszawa","Poland"
"EB Pearls","$25 - $49 / hr","$5,000+","No content available","5","60","Surry Hills","Australia"
"NERDZ LAB","$25 - $49 / hr","$5,000+","$10,000 - $49,000 avg. project cost","5","52","L'viv","Ukraine"
"Kevych Solutions","$25 - $49 / hr","$5,000+","No content available","5","24","L'viv","Ukraine"
"Phenomenon Studio","$50 - $99 / hr","$10,000+","$10,000 - $49,000 avg. project cost","5","51","Dover","DE"
"Mind Studios","$25 - $49 / hr","$10,000+","$50,000 - $199,999 avg. project cost","4.9","34","Dnipro","Ukraine"
"Pixel Appy","$100 - $149 / hr","$25,000+","No content available","5","18","Austin","TX"
"Futured","$50 - $99 / hr","$50,000+","$50,000 - $199,999","4.9","43","Brno","Czech Republic"
"Promatics Technologies","< $25 / hr","$5,000+","$10,000 - $49,000","4.8","79","Gurugram","India"
"HotShots Labs | IOS & Android | Flutter mobile app development","$25 - $49 / hr","$10,000+","$10,000 - $49,000","5","15","Kyiv","Ukraine"
"Camber-The App Agency","$150 - $199 / hr","$50,000+","$50,000 - $199,999","4.9","21","Raleigh, NC","No content available"
"Euvic","$50 - $99 / hr","$25,000+","$10,000 - $49,000","4.8","22","Gliwice","Poland"
"Lizard Global","$50 - $99 / hr","$10,000+","Unknown avg. project cost","5","70","Amsterdam","Netherlands"
"Simpalm","Undisclosed","$10,000+","No content available","4.9","64","Rockville, MD","United States"
"Mass Software Solutions Private Limited","< $25 / hr","$5,000+","$50,000 - $199,999","4.9","25","Kolkata","India"
"Neon Apps","$25 - $49 / hr","$10,000+","$10,000 - $49,000","4.9","11","İstanbul","Türkiye"
"Intermedia IT","$25 - $49 / hr","$5,000+","$10,000 - $49,000","4.9","36","Tandil","Argentina"
"Cultivate Brands","$150 - $199 / hr","$25,000+","$50,000 - $199,999","4.9","26","Chicago, IL","United States"
"Arch","$100 - $149 / hr","$50,000+","$50,000 - $199,999","4.7","30","Gateshead","England"
"Matrix Media Solutions (P) Ltd.","< $25 / hr","$1,000+","$10,000 - $49,000","4.9","46","Kolkata","India"
"Designli","$50 - $99 / hr","$10,000+","No content available","5","82","Greenville","SC"
"Kode Creators","< $25 / hr","$5,000+","Less than $10,000","5","19","Vadodara","India"
"PixelForce","$150 - $199 / hr","$50,000+","No content available","5","9","Kent Town","Australia"
"Atomic Object","$150 - $199 / hr","$25,000+","No content available","4.9","52","Grand Rapids","MI"
"You are launched","$25 - $49 / hr","$10,000+","$50,000 - $199,999","5","59","Limassol","Cyprus"
"Memory Squared","$50 - $99 / hr","$5,000+","$50,000 - $199,999","5","28","Kraków","Poland"
"TechnoYuga","< $25 / hr","$10,000+","$10,000 - $49,000","5","64","New Delhi","India"
"Emizen Tech","< $25 / hr","$5,000+","$10,000 - $49,000","4.9","149","Dallas","TX"
"JPLoft","$50 - $99 / hr","$10,000+","$10,000 - $49,000","5","96","Denver","CO"
"LeanCode","$50 - $99 / hr","$25,000+","$50,000 - $199,999","5","40","Warszawa","Poland"
"Suffescom Solutions Inc","$25 - $49 / hr","$25,000+","$10,000 - $49,000","4.9","121","New York","NY"
"Synergy Labs","$50 - $99 / hr","$25,000+","No content available","4.9","45","Hollywood","FL"
"MindSea","$150 - $199 / hr","$10,000+","$10,000 - $49,000","5","42","Halifax","Canada"
"Phaedra Solutions","$25 - $49 / hr","$10,000+","$10,000 - $49,000","4.9","28","Dubai","United Arab Emirates"
"mobitouch","$50 - $99 / hr","$25,000+","$10,000 - $49,000","5","59","Rzeszów","Poland"
"Hyperlink InfoSystem","$25 - $49 / hr","$25,000+","1,000 - 9,999","38.8","20","Jersey City, NJ","No content available"
"GeekyAnts","$25 - $49 / hr","$10,000+","250 - 999","39.9","20","Bengaluru","India"
"Quytech","< $25 / hr","$25,000+","250 - 999","39.7","20","Gurugram","India"
"Inventco Software","$25 - $49 / hr","$5,000+","50 - 249","38.3","20","Jaipur","India"
"STRV","$100 - $149 / hr","$100,000+","50 - 249","38.2","20","Prague","Czech Republic"
"Ackee","$50 - $99 / hr","$25,000+","50 - 249","38.2","20","Karlín","Czech Republic"
"Lampa Software","$25 - $49 / hr","$25,000+","50 - 249","38.2","20","Vinnytsia","Ukraine"
"Trango Tech","$25 - $49 / hr","Undisclosed","250 - 999","38.1","20","Dubai","United Arab Emirates"
"Cogniteq","$50 - $99 / hr","$10,000+","$10,000 - $49,000","4.9","45","Ząbki","Poland"
"itCraft","$50 - $99 / hr","$25,000+","$50,000 - $199,999","5","71","Warszawa","Poland"
"Techgropse","$25 - $49 / hr","$25,000+","$10,000 - $49,000","4.8","93","Dubai","United Arab Emirates"
"The Distance App Developers","$100 - $149 / hr","$50,000+","$50,000 - $199,999","4.8","40","York","England"
"TekRevol","$25 - $49 / hr","$25,000+","$10,000 - $49,000","4.8","83","Houston","United States"
"Build Me App","$25 - $49 / hr","$10,000+","$10,000 - $49,000 avg. project cost","5","17","Toronto","Canada"
"Nareia","$50 - $99 / hr","$10,000+","$50,000 - $199,999 avg. project cost","4.9","12","Montevideo","Uruguay"
"Techugo","$25 - $49 / hr","$5,000+","$50,000 - $199,999 avg. project cost","4.7","98","Noida","India"
"Bolder Apps","$50 - $99 / hr","$5,000+","$50,000 - $199,999 avg. project cost","5","5","Miami","No content available"
"PowerGate Software","< $25 / hr","$10,000+","No content available","5","40","Hanoi","Vietnam"
"Ewaantech","$25 - $49 / hr","$1,000+","Unknown avg. project cost","5","7","Dubai","United Arab Emirates"
"Appello Software","$100 - $149 / hr","$50,000+","$10,000 - $49,000","4.9","33","Sydney","Australia"
"VLink","$50 - $99 / hr","$10,000+","$200,000 to $999,999","4.2","7","South Windsor, CT","No content available"
"Mood Up","$25 - $49 / hr","$10,000+","$10,000 - $49,000","5","25","Poznań","Poland"
"Appetiser","$50 - $99 / hr","$10,000+","$50,000 - $199,999","4.8","27","Richmond","Australia"
"Tech Exactly","< $25 / hr","$5,000+","$10,000 - $49,000","4.9","30","Kolkata","India"
"Octal IT Solution","$25 - $49 / hr","$5,000+","No content available","4.6","131","Jaipur","India"
"Lickability","$200 - $300 / hr","$25,000+","$200,000 - $999,999","4.9","25","New York, NY","No content available"
"Enozom Software","$25 - $49 / hr","$50,000+","$10,000 - $49,000","4.9","34","Alexandria","Egypt"
"Wve Labs","$100 - $149 / hr","$25,000+","$10,000 - $49,000","5","31","Costa Mesa","United States"
"Helpful Insight Private Limited","$25 - $49 / hr","$5,000+","$10,000 - $49,000","5","115","New York","United States"
"Stakk","$100 - $149 / hr","$50,000+","$50,000 - $199,999","4.9","30","London","United Kingdom"
"Brightec","$100 - $149 / hr","$25,000+","$50,000 to $199,999","4.9","24","Shoreham","United Kingdom"
"Emirates Graphic","$25 - $49 / hr","$5,000+","$10,000 - $49,000","4.9","32","Dubai","United Arab Emirates"
"Techne HQ","$50 - $99 / hr","$10,000+","$10,000 - $49,000","4.8","19","Cremorne","Australia"
"Arbisoft","$50 - $99 / hr","$50,000+","No content available","4.9","35","Plano","United States"
"AppIt Ventures","$100 - $149 / hr","$25,000+","No content available","4.9","39","Denver","United States"
"nomtek","$50 - $99 / hr","$25,000+","No content available","4.9","43","Wrocław","Poland"
"IIH Global","< $25 / hr","$1,000+","Less than $10,000","4.8","79","Hertfordshire","England"
"Etnetera Flow","$50 - $99 / hr","$10,000+","Less than $10,000","5","12","Prague","Czech Republic"
"Apzumi","$50 - $99 / hr","$10,000+","No content available","4.9","49","Poznań","Poland"
"Orangesoft","$50 - $99 / hr","$25,000+","No content available","4.9","42","Warszawa","Poland"
"Infinum","$150 - $199 / hr","$50,000+","No content available","4.8","58","New York","United States"
"Geniusee","$25 - $49 / hr","$25,000+","$10,000 - $49,000","5","71","Warszawa","Poland"
"BairesDev","$50 - $99 / hr","$50,000+","$200,000 - $999,999","4.9","63","San Francisco, CA","United States"
"Steamclock Software","$200 - $300 / hr","$50,000+","$200,000 - $999,999","4.9","10","Vancouver","Canada"
"iTechnolabs Inc","< $25 / hr","$1,000+","No content available","5","20","Markham","Canada"
"Olearis","$25 - $49 / hr","$10,000+","$10,000 - $49,000","4.8","33","Kyiv","Ukraine"
"Blink22","$50 - $99 / hr","$25,000+","$50,000 - $199,999","4.9","38","Dubai","United Arab Emirates"
"TrianglZ","$25 - $49 / hr","$50,000+","$10,000 - $49,000","5","27","Alexandria","Egypt"
"AppVerticals","$25 - $49 / hr","$25,000+","$10,000 - $49,000","4.8","27","Dallas, TX","United States"
"Dev Technosys","$25 - $49 / hr","$10,000+","$10,000 - $49,000","4.8","204","Jaipur","India"
"Apptunix","$25 - $49 / hr","$10,000+","$200,000 - $999,999","4.5","94","Sahibzada Ajit Singh Nagar","India"
"TouchZen Media","$50 - $99 / hr","$5,000+","$50,000 - $199,999","5","22","Irvine, CA","United States"
"Agency Partner Interactive LLC","$100 - $149 / hr","$25,000+","$10,000 - $49,000","4.9","86","Plano, TX","United States"
"Sigma Software Group","$50 - $99 / hr","$50,000+","$1,000,000 to $9,999,999","4.8","37","L'viv","Ukraine"
"Dotsquares","$25 - $49 / hr","$1,000+","$10,000 - $49,000","4.7","100","London","England"
"Extrovert Information Technology (EitBiz)","$25 - $49 / hr","$5,000+","$10,000 - $49,000","4.8","34","Fort Wayne","IN"
"Fleye","$25 - $49 / hr","$10,000+","$50,000 - $199,999","4.9","15","Porto Alegre","Brazil"
"Kindgeek","$50 - $99 / hr","$50,000+","$50,000 - $199,999","4.8","63","L'viv","Ukraine"
"DianApps","$25 - $49 / hr","$10,000+","$10,000 - $49,000 avg. project cost","4.8","84","Gurugram","India"
"Sidekick Interactive","$100 - $149 / hr","$25,000+","$10,000 - $49,000","4.9","30","Montréal","Canada"
"Topflight Apps","$100 - $149 / hr","$50,000+","$50,000 - $199,999","4.9","43","Irvine","United States"
"RunProf LLC","$25 - $49 / hr","$10,000+","Unknown avg. project cost","5","21","Alexandria","Egypt"
"Net-Craft.com Inc.","$50 - $99 / hr","$1,000+","$10,000 - $49,000","4.9","17","Scottsdale","United States"
"Pagepro","$50 - $99 / hr","$25,000+","50 - 249","4.9","32","Białystok","Poland"
"COMPU-VISION S.A.R.L.","$50 - $99 / hr","$10,000+","10 - 49","4.8","84","Batroun","Lebanon"
"Binary Studio","$50 - $99 / hr","$25,000+","50 - 249","4.9","57","L'viv","Ukraine"
"Simform","$25 - $49 / hr","$25,000+","$50,000 - $199,999","4.8","86","Orlando","FL"
"Pocket App","$100 - $149 / hr","$25,000+","$50,000 - $199,999","5","20","London","England"
"Vention","$50 - $99 / hr","$50,000+","$50,000 - $199,999","4.9","102","New York","United States"
"AgileEngine","$25 - $49 / hr","$25,000+","$50,000 to $199,999; $200,000 to $999,999; $10,000 to $49,000; $1,000,000 to $9,999,999; Less than $10,000","5","62","Boca Raton","United States"
"Netguru","$50 - $99 / hr","$50,000+","No content available","4.8","73","Poznań","Poland"
"Sembit","$150 - $199 / hr","$5,000+","$200,000 - $999,999","4.9","33","Portland","United States"
"Atta Systems","$50 - $99 / hr","$25,000+","$10,000 - $49,000","5","36","București","Romania"
"Plavno","$25 - $49 / hr","$25,000+","No content available","4.9","55","Alexandria","USA"
"Scalefocus","$50 - $99 / hr","$1,000+","$200,000 - $999,999","4.9","39","Sofia","Bulgaria"
"Snotor","$50 - $99 / hr","$10,000+","$10,000 - $49,000","5","35","Rīga","Latvia"
"WebcentriQ","$50 - $99 / hr","$10,000+","No content available","4.9","18","San Diego","USA"
"Softermii","$25 - $49 / hr","$5,000+","$50,000 - $199,999","4.9","48","Los Angeles","USA"
"Junkies Coder - Mobile App Development Company","$25 - $49 / hr","$1,000+","$10,000 - $49,000 avg. project cost","5","31","Ahmedabad","India"
"Five Pack","$150 - $199 / hr","$50,000+","$50,000 - $199,999 avg. project cost","4.9","19","Frisco","TX"
"Cleveroad","$25 - $49 / hr","$10,000+","$10,000 - $49,000 avg. project cost","4.9","81","New York","NY"
"KeyToTech","$25 - $49 / hr","$10,000+","$10,000 - $49,000 avg. project cost","5","17","London","England"
"GoodRequest","$50 - $99 / hr","$25,000+","$50,000 - $199,999 avg. project cost","4.8","26","Žilina","Slovakia"
"Techstack company","$50 - $99 / hr","$10,000+","$50,000 - $199,999 avg. project cost","5","47","Wrocław","Poland"
"Dreamix","$25 - $49 / hr","$50,000+","No content available","5","36","Sofia","Bulgaria"
"Continuum Digital","$25 - $49 / hr","$10,000+","No content available","5","10","Toronto","Canada"
"Aalpha Information Systems India Pvt. Ltd","< $25 / hr","$1,000+","No content available","4.9","218","Bengaluru","India"
"Bluelight","$25 - $49 / hr","$10,000+","No content available","5","17","Sacramento","United States"
"Fingent","$25 - $49 / hr","$25,000+","No content available","4.9","66","White Plains","United States"
"COAX Software","$50 - $99 / hr","$10,000+","No content available","4.9","19","Ivano-Frankivs'k","Ukraine"
"Whimsy Games Group LTD","$25 - $49 / hr","$10,000+","No content available","5","25","Kyiv","Ukraine"
"CodeLeap","$50 - $99 / hr","$10,000+","$10,000 - $49,000 avg. project cost","4.9","9","London","England"
"Orases","$150 - $199 / hr","$75,000+","$10,000 - $49,000 avg. project cost","5","74","Frederick","United States"
"Lumitech","$25 - $49 / hr","$10,000+","$10,000 - $49,000 avg. project cost","5","53","Dubai","United Arab Emirates"
"thoughtbot","$150 - $199 / hr","$10,000+","$200,000 - $999,999 avg. project cost","4.9","39","New York","United States"
"JLabs","< $25 / hr","$25,000+","$10,000 - $49,000 avg. project cost","5","9","Quezon City","Philippines"
"TechWings","$25 - $49 / hr","$10,000+","No content available","4.9","58","Kraków","Poland"
"Orthoplex Solutions","$100 - $149 / hr","$5,000+","$10,000 - $49,000","5","15","Toronto","Canada"
"Tridhya Tech Limited","< $25 / hr","$5,000+","$10,000 - $49,000","5","104","Ahmedabad","India"
"Beetroot AB","$25 - $49 / hr","$10,000+","$50,000 - $199,999","4.8","37","Stockholm","Sweden"
"InApps Technology","< $25 / hr","$10,000+","$10,000 - $49,000","4.9","37","Ho Chi Minh","Vietnam"
"Mindtech Apps","$50 - $99 / hr","$25,000+","$10,000 - $49,000","4.9","16","Budapest","Hungary"
"Codepoint","$50 - $99 / hr","$50,000+","$10,000 - $49,000","5","21","Braga","Portugal"
"TatvaSoft","< $25 / hr","$25,000+","$50,000 - $199,999","4.9","48","Ahmedabad","India"
"TechAhead","No content available","No content available","No content available","0","0","No content available","No content available"